"POST_INDEX_ID","NAME"
242,
109,238563
110,238051
112,238158
113,238750
114,238710
115,238730
166,238313
215,238126
216,238125
217,238141
218,238135
230,238430
231,238581
232,238560
233,238570
237,238326
240,238561
105,238521
106,238420
111,238530
124,238580
128,238642
129,238633
130,238641
131,238646
132,238405
133,238404
134,238401
135,238403
136,238440
137,238410
138,238412
139,238414
140,238417
141,238415
142,238402
143,238418
144,238414
145,238417
146,238415
147,238402
148,238418
149,238348
150,238347
151,238346
152,238345
153,238575
154,238620
155,238606
156,238604
157,238612
158,238620
159,238628
160,238603
161,238616
162,238610
163,238609
164,238611
165,238613
181,238520
182,238351
185,238442
188,238422
192,238433
196,238441
205,238702
206,238725
207,238703
208,238717
209,238720
210,238716
211,238001
212,238020
213,238025
214,238022
220,238224
221,238424
226,238416
229,236060
234,238550
235,238030
236,236041
238,238634
239,238012
241,238715
120,238210
121,238400
122,
125,238700
126,238535
127,236015
167,238311
168,238150
169,238310
170,238321
171,238325
172,238317
173,238318
174,238316
175,238324
176,238312
177,238315
178,238050
179,238032
180,238044
186,238171
189,238553
190,238545
191,238534
193,238541
194,238552
195,238433
197,238745
198,238472
200,238473
201,238743
202,238735
203,238744
219,238203
224,238214
225,238542
228,236007
107,238340
108,238590
123,238200
222,238443
223,238423
104,238300
100,123
0,236000
1,236001
2,236003
3,236004
4,236005
5,236006
6,236008
7,236009
8,236010
9,236011
10,236013
11,236016
12,236019
13,236023
14,236028
15,236029
16,236034
17,236035
18,236036
19,236038
20,236039
21,236040
22,236901
101,238750
102,238010
103,238450
116,238120
117,238630
118,238600
119,238460
183,238033
184,238042
187,238554
199,238434
204,238431
227,238215
